,First of Month,Days Produced,Well Status,Operator Name,API County,API Sequence,API Sidetrack,Formation,BOM Inventory,Oil Produced,Oil Sold,Oil Adjustment,EOM Inventory,Oil Gravity,Gas Produced,Gas Flared,Gas Used,Gas Shrinkage,Gas Sold,Gas BTU,Gas Tubing Pressure,Gas Casing Pressure,Water Volume,Water Tubing Pressure,Water Casing Pressure,Water Disp Code,data_source
0,2021-09-01,0,SI,PAINTED PEGASUS PETROLEUM LLC,123,8053,0,J SAND,,,,,,,,,,,,,,,,,,,05-123-08053
1,2021-08-01,0,SI,PAINTED PEGASUS PETROLEUM LLC,123,8053,0,J SAND,,,,,,,,,,,,,,,,,,,05-123-08053
2,2021-07-01,0,SI,PAINTED PEGASUS PETROLEUM LLC,123,8053,0,J SAND,,,,,,,,,,,,,,,,,,,05-123-08053
3,2021-06-01,0,SI,PAINTED PEGASUS PETROLEUM LLC,123,8053,0,J SAND,,,,,,,,,,,,,,,,,,,05-123-08053
4,2021-05-01,0,SI,PAINTED PEGASUS PETROLEUM LLC,123,8053,0,J SAND,,,,,,,,,,,,,,,,,,,05-123-08053
5,2021-04-01,0,SI,PAINTED PEGASUS PETROLEUM LLC,123,8053,0,J SAND,,,,,,,,,,,,,,,,,,,05-123-08053
6,2021-03-01,0,SI,PAINTED PEGASUS PETROLEUM LLC,123,8053,0,J SAND,,,,,,,,,,,,,,,,,,,05-123-08053
7,2021-02-01,0,SI,PAINTED PEGASUS PETROLEUM LLC,123,8053,0,J SAND,,,,,,,,,,,,,,,,,,,05-123-08053
8,2021-01-01,0,SI,PAINTED PEGASUS PETROLEUM LLC,123,8053,0,J SAND,,,,,,,,,,,,,,,,,,,05-123-08053
9,2020-12-01,0,SI,PAINTED PEGASUS PETROLEUM LLC,123,8053,0,J SAND,,,,,,,,,,,,,,,,,,,05-123-08053
10,2020-11-01,0,SI,PAINTED PEGASUS PETROLEUM LLC,123,8053,0,J SAND,,,,,,,,,,,,,,,,,,,05-123-08053
11,2020-10-01,0,SI,PAINTED PEGASUS PETROLEUM LLC,123,8053,0,J SAND,,,,,,,,,,,,,,,,,,,05-123-08053
12,2020-09-01,0,SI,PAINTED PEGASUS PETROLEUM LLC,123,8053,0,J SAND,,,,,,,,,,,,,,,,,,,05-123-08053
13,2020-08-01,0,SI,PAINTED PEGASUS PETROLEUM LLC,123,8053,0,J SAND,,,,,,,,,,,,,,,,,,,05-123-08053
14,2020-07-01,0,SI,PAINTED PEGASUS PETROLEUM LLC,123,8053,0,J SAND,,,,,,,,,,,,,,,,,,,05-123-08053
15,2020-06-01,0,SI,PAINTED PEGASUS PETROLEUM LLC,123,8053,0,J SAND,,,,,,,,,,,,,,,,,,,05-123-08053
16,2020-05-01,0,SI,PAINTED PEGASUS PETROLEUM LLC,123,8053,0,J SAND,,,,,,,,,,,,,,,,,,,05-123-08053
17,2020-04-01,0,SI,PAINTED PEGASUS PETROLEUM LLC,123,8053,0,J SAND,,,,,,,,,,,,,,,,,,,05-123-08053
18,2020-03-01,0,SI,PAINTED PEGASUS PETROLEUM LLC,123,8053,0,J SAND,,,,,,,,,,,,,,,,,,,05-123-08053
19,2020-02-01,0,SI,PAINTED PEGASUS PETROLEUM LLC,123,8053,0,J SAND,,,,,,,,,,,,,,,,,,,05-123-08053
20,2020-01-01,0,SI,PAINTED PEGASUS PETROLEUM LLC,123,8053,0,J SAND,,,,,,,,,,,,,,,,,,,05-123-08053
21,2019-12-01,0,SI,PAINTED PEGASUS PETROLEUM LLC,123,8053,0,J SAND,,,,,,,,,,,,,,,,,,,05-123-08053
22,2019-11-01,0,SI,PAINTED PEGASUS PETROLEUM LLC,123,8053,0,J SAND,,,,,,,,,,,,,,,,,,,05-123-08053
23,2019-10-01,0,SI,PAINTED PEGASUS PETROLEUM LLC,123,8053,0,J SAND,,,,,,,,,,,,,,,,,,,05-123-08053
24,2019-09-01,0,SI,PAINTED PEGASUS PETROLEUM LLC,123,8053,0,J SAND,,,,,,,,,,,,,,,,,,,05-123-08053
25,2019-08-01,0,SI,PAINTED PEGASUS PETROLEUM LLC,123,8053,0,J SAND,,,,,,,,,,,,,,,,,,,05-123-08053
26,2019-07-01,0,SI,PAINTED PEGASUS PETROLEUM LLC,123,8053,0,J SAND,,,,,,,,,,,,,,,,,,,05-123-08053
27,2019-06-01,0,SI,PAINTED PEGASUS PETROLEUM LLC,123,8053,0,J SAND,,,,,,,,,,,,,,,,,,,05-123-08053
28,2019-05-01,0,SI,PAINTED PEGASUS PETROLEUM LLC,123,8053,0,J SAND,,,,,,,,,,,,,,,,,,,05-123-08053
29,2019-04-01,0,SI,PAINTED PEGASUS PETROLEUM LLC,123,8053,0,J SAND,,,,,,,,,,,,,,,,,,,05-123-08053
30,2019-03-01,0,SI,PAINTED PEGASUS PETROLEUM LLC,123,8053,0,J SAND,,,,,,,,,,,,,,,,,,,05-123-08053
31,2019-02-01,0,SI,PAINTED PEGASUS PETROLEUM LLC,123,8053,0,J SAND,,,,,,,,,,,,,,,,,,,05-123-08053
32,2019-01-01,0,SI,PAINTED PEGASUS PETROLEUM LLC,123,8053,0,J SAND,,,,,,,,,,,,,,,,,,,05-123-08053
33,2018-12-01,0,SI,PAINTED PEGASUS PETROLEUM LLC,123,8053,0,J SAND,,,,,,,,,,,,,,,,,,,05-123-08053
34,2018-11-01,0,SI,PAINTED PEGASUS PETROLEUM LLC,123,8053,0,J SAND,,,,,,,,,,,,,,,,,,,05-123-08053
35,2018-10-01,0,SI,PAINTED PEGASUS PETROLEUM LLC,123,8053,0,J SAND,,,,,,,,,,,,,,,,,,,05-123-08053
36,2018-09-01,0,SI,HRM RESOURCES II LLC,123,8053,0,J SAND,,,,,,,,,,,,,,,,,,,05-123-08053
37,2018-08-01,0,SI,HRM RESOURCES II LLC,123,8053,0,J SAND,,,,,,,,,,,,,,,,,,,05-123-08053
38,2018-07-01,0,SI,HRM RESOURCES II LLC,123,8053,0,J SAND,,,,,,,,,,,,,,,,,,,05-123-08053
39,2018-06-01,0,SI,HRM RESOURCES II LLC,123,8053,0,J SAND,,,,,,,,,,,,,,,,,,,05-123-08053
40,2018-05-01,0,SI,HRM RESOURCES II LLC,123,8053,0,J SAND,,,,,,,,,,,,,,,,,,,05-123-08053
41,2018-04-01,0,SI,HRM RESOURCES II LLC,123,8053,0,J SAND,,,,,,,,,,,,,,,,,,,05-123-08053
42,2018-03-01,0,SI,HRM RESOURCES II LLC,123,8053,0,J SAND,,,,,,,,,,,,,,,,,,,05-123-08053
43,2018-02-01,0,SI,HRM RESOURCES II LLC,123,8053,0,J SAND,,,,,,,,,,,,,,,,,,,05-123-08053
44,2018-01-01,0,SI,HRM RESOURCES II LLC,123,8053,0,J SAND,,,,,,,,,,,,,,,,,,,05-123-08053
45,2017-12-01,0,SI,HRM RESOURCES II LLC,123,8053,0,J SAND,148.0,,145.0,-3.0,,50.4,,,,,,,,,,,,,05-123-08053
46,2017-11-01,0,SI,HRM RESOURCES II LLC,123,8053,0,J SAND,148.0,,,,148.0,,,,,,,,,,,,,,05-123-08053
47,2017-10-01,0,SI,HRM RESOURCES II LLC,123,8053,0,J SAND,148.0,,,,148.0,,,,,,,,,,,,,,05-123-08053
48,2017-09-01,0,SI,HRM RESOURCES II LLC,123,8053,0,J SAND,148.0,,,,148.0,,,,,,,,,,,,,,05-123-08053
49,2017-08-01,0,SI,HRM RESOURCES II LLC,123,8053,0,J SAND,168.0,,,-20.0,148.0,,,,,,,,,,,,,,05-123-08053
50,2017-07-01,0,SI,HRM RESOURCES II LLC,123,8053,0,J SAND,168.0,,,,168.0,,,,,,,,,,,,,,05-123-08053
51,2017-06-01,0,SI,HRM RESOURCES II LLC,123,8053,0,J SAND,168.0,,,,168.0,,,,,,,,,,,,,,05-123-08053
52,2017-05-01,0,SI,HRM RESOURCES II LLC,123,8053,0,J SAND,168.0,,,,168.0,,,,,,,,,,,,,,05-123-08053
53,2017-04-01,0,SI,HRM RESOURCES II LLC,123,8053,0,J SAND,168.0,,,,168.0,,,,,,,,,,,,,,05-123-08053
54,2017-03-01,0,SI,HRM RESOURCES II LLC,123,8053,0,J SAND,168.0,,,,168.0,,,,,,,,,,,,,,05-123-08053
55,2017-02-01,0,SI,HRM RESOURCES II LLC,123,8053,0,J SAND,168.0,,,,168.0,,,,,,,,,,,,,,05-123-08053
56,2017-01-01,0,SI,HRM RESOURCES II LLC,123,8053,0,J SAND,168.0,,,,168.0,,,,,,,,,,,,,,05-123-08053
57,2016-12-01,0,SI,HRM RESOURCES II LLC,123,8053,0,J SAND,168.0,,,,168.0,,,,,,,,,,,,,,05-123-08053
58,2016-11-01,0,SI,HRM RESOURCES II LLC,123,8053,0,J SAND,168.0,,,,168.0,,,,,,,,,,,,,,05-123-08053
59,2016-10-01,0,SI,HRM RESOURCES II LLC,123,8053,0,J SAND,168.0,,,,168.0,,,,,,,,,,,,,,05-123-08053
60,2016-09-01,0,SI,HRM RESOURCES II LLC,123,8053,0,J SAND,168.0,,,,168.0,,,,,,,,,,,,,,05-123-08053
61,2016-08-01,0,SI,HRM RESOURCES II LLC,123,8053,0,J SAND,168.0,,,,168.0,,,,,,,,,,,,,,05-123-08053
62,2016-07-01,0,SI,HRM RESOURCES II LLC,123,8053,0,J SAND,168.0,,,,168.0,,,,,,,,,,,,,,05-123-08053
63,2016-06-01,0,SI,HRM RESOURCES II LLC,123,8053,0,J SAND,168.0,,,,168.0,,,,,,,,,,,,,,05-123-08053
64,2016-05-01,0,SI,HRM RESOURCES II LLC,123,8053,0,J SAND,168.0,,,,168.0,,,,,,,,,,,,,,05-123-08053
65,2016-04-01,0,SI,HRM RESOURCES II LLC,123,8053,0,J SAND,168.0,,,,168.0,,,,,,,,,,,,,,05-123-08053
66,2016-03-01,0,SI,HRM RESOURCES II LLC,123,8053,0,J SAND,168.0,,,,168.0,,,,,,,,,,,,,,05-123-08053
67,2016-02-01,0,SI,HRM RESOURCES II LLC,123,8053,0,J SAND,168.0,,,,168.0,,,,,,,,,,,,,,05-123-08053
68,2016-01-01,0,SI,HRM RESOURCES II LLC,123,8053,0,J SAND,168.0,,,,168.0,,,,,,,,,,,,,,05-123-08053
69,2015-12-01,0,SI,HRM RESOURCES II LLC,123,8053,0,J SAND,168.0,,,,168.0,,,,,,,,,,,,,,05-123-08053
70,2015-11-01,0,SI,HRM RESOURCES II LLC,123,8053,0,J SAND,168.0,,,,168.0,,,,,,,,,,,,,,05-123-08053
71,2015-10-01,0,SI,HRM RESOURCES II LLC,123,8053,0,J SAND,168.0,,,,168.0,,,,,,,,,,,,,C,05-123-08053
72,2015-09-01,3,PR,HRM RESOURCES II LLC,123,8053,0,J SAND,168.0,,,,168.0,,18.0,,,,18.0,1285.0,,,3.0,,,C,05-123-08053
73,2015-08-01,13,PR,HRM RESOURCES II LLC,123,8053,0,J SAND,167.0,2.0,,-1.0,168.0,,236.0,,,,236.0,1285.0,,,20.0,,,C,05-123-08053
74,2015-07-01,31,PR,HRM RESOURCES II LLC,123,8053,0,J SAND,167.0,,,,167.0,,707.0,,,,707.0,1285.0,,,25.0,,,C,05-123-08053
75,2015-06-01,30,PR,HRM RESOURCES II LLC,123,8053,0,J SAND,152.0,15.0,,,167.0,,727.0,,,,727.0,1285.0,,,17.0,,,C,05-123-08053
76,2015-05-01,31,PR,HRM RESOURCES II LLC,123,8053,0,J SAND,147.0,5.0,,,152.0,,823.0,,,,823.0,1285.0,,,35.0,,,C,05-123-08053
77,2015-04-01,28,PR,HRM RESOURCES II LLC,123,8053,0,J SAND,108.0,38.0,,1.0,147.0,,798.0,,,,798.0,1285.0,,,,,,,05-123-08053
78,2015-03-01,6,PR,HRM RESOURCES II LLC,123,8053,0,J SAND,108.0,,,,108.0,,35.0,,,,35.0,1285.0,,,,,,,05-123-08053
79,2015-02-01,0,SI,HRM RESOURCES II LLC,123,8053,0,J SAND,108.0,,,,108.0,,,,,,,,,,,,,,05-123-08053
80,2015-01-01,0,SI,HRM RESOURCES II LLC,123,8053,0,J SAND,108.0,,,,108.0,,,,,,,,,,,,,,05-123-08053
81,2014-12-01,5,PR,HRM RESOURCES LLC,123,8053,0,J SAND,138.0,,,-30.0,108.0,,30.0,,,,30.0,1285.0,,,52.0,,,C,05-123-08053
82,2014-11-01,9,PR,HRM RESOURCES LLC,123,8053,0,J SAND,138.0,,,,138.0,,205.0,,,,205.0,1285.0,,,,,,,05-123-08053
83,2014-10-01,2,PR,HRM RESOURCES LLC,123,8053,0,J SAND,138.0,,,,138.0,,23.0,,,,23.0,1285.0,,,,,,,05-123-08053
84,2014-09-01,30,PR,HRM RESOURCES LLC,123,8053,0,J SAND,137.0,2.0,,-1.0,138.0,,482.0,,,,482.0,1285.0,,,3.0,,,M,05-123-08053
85,2014-08-01,31,PR,HRM RESOURCES LLC,123,8053,0,J SAND,143.0,,,-6.0,137.0,,604.0,,,,604.0,1285.0,,,35.0,,,M,05-123-08053
86,2014-07-01,31,PR,HRM RESOURCES LLC,123,8053,0,J SAND,137.0,7.0,,-1.0,143.0,,663.0,,,,663.0,1285.0,,,7.0,,,M,05-123-08053
87,2014-06-01,26,PR,HRM RESOURCES LLC,123,8053,0,J SAND,138.0,,,-1.0,137.0,,597.0,,,,597.0,1285.0,,,23.0,,,M,05-123-08053
88,2014-05-01,30,PR,HRM RESOURCES LLC,123,8053,0,J SAND,128.0,10.0,,,138.0,,756.0,,,,756.0,1307.0,,,7.0,,,M,05-123-08053
89,2014-04-01,21,PR,HRM RESOURCES LLC,123,8053,0,J SAND,127.0,1.0,,,128.0,,474.0,,,,474.0,1307.0,,,2.0,,,P,05-123-08053
90,2014-03-01,31,PR,HRM RESOURCES LLC,123,8053,0,J SAND,140.0,,,-13.0,127.0,,703.0,,,,703.0,1307.0,,,87.0,,,P,05-123-08053
91,2014-02-01,22,PR,HRM RESOURCES LLC,123,8053,0,J SAND,140.0,,,,140.0,,488.0,,,,488.0,1307.0,,,,,,,05-123-08053
92,2014-01-01,29,PR,HRM RESOURCES LLC,123,8053,0,J SAND,140.0,,,,140.0,,755.0,,,,755.0,1307.0,,,,,,,05-123-08053
93,2013-12-01,4,PR,HRM RESOURCES LLC,123,8053,0,J SAND,140.0,,,,140.0,,58.0,,,,58.0,1307.0,,,,,,,05-123-08053
94,2013-11-01,1,PR,HRM RESOURCES LLC,123,8053,0,J SAND,140.0,,,,140.0,,3.0,,,,3.0,1307.0,,,,,,,05-123-08053
95,2013-10-01,0,SI,ENERVEST OPERATING LLC,123,8053,0,J SAND,140.0,,,,140.0,,,,,,,,0.0,0.0,,0.0,0.0,,05-123-08053
96,2013-09-01,1,PR,ENERVEST OPERATING LLC,123,8053,0,J SAND,140.0,,,,140.0,,598.0,,,,598.0,1306.0,0.0,0.0,,0.0,0.0,,05-123-08053
97,2013-08-01,31,PR,ENERVEST OPERATING LLC,123,8053,0,J SAND,140.0,,,,140.0,,664.0,,,,664.0,1307.0,0.0,0.0,,0.0,0.0,,05-123-08053
98,2013-07-01,31,PR,ENERVEST OPERATING LLC,123,8053,0,J SAND,137.0,3.0,,,140.0,,694.0,,,,694.0,1307.0,0.0,0.0,,0.0,0.0,,05-123-08053
99,2013-06-01,30,PR,ENERVEST OPERATING LLC,123,8053,0,J SAND,130.0,7.0,,,137.0,,704.0,,,,704.0,1307.0,0.0,0.0,,0.0,0.0,,05-123-08053
100,2013-05-01,31,PR,ENERVEST OPERATING LLC,123,8053,0,J SAND,130.0,,,,130.0,,854.0,,,,854.0,1000.0,0.0,0.0,,0.0,0.0,,05-123-08053
101,2013-04-01,18,PR,ENERVEST OPERATING LLC,123,8053,0,J SAND,130.0,,,,130.0,,854.0,,,,854.0,1307.0,0.0,0.0,,0.0,0.0,,05-123-08053
102,2013-03-01,18,PR,ENERVEST OPERATING LLC,123,8053,0,J SAND,130.0,,,,130.0,,1.0,,,,1.0,1000.0,0.0,0.0,,0.0,0.0,,05-123-08053
103,2013-02-01,0,SI,ENERVEST OPERATING LLC,123,8053,0,J SAND,130.0,,,,130.0,,,,,,,,0.0,0.0,,0.0,0.0,,05-123-08053
104,2013-01-01,5,PR,ENERVEST OPERATING LLC,123,8053,0,J SAND,130.0,,,,130.0,,5.0,,,,5.0,1400.0,0.0,0.0,,0.0,0.0,,05-123-08053
105,2012-12-01,26,PR,ENERVEST OPERATING LLC,123,8053,0,J SAND,130.0,,,,130.0,,412.0,,,,412.0,1274.0,0.0,0.0,,0.0,0.0,,05-123-08053
106,2012-11-01,30,PR,ENERVEST OPERATING LLC,123,8053,0,J SAND,130.0,,,,130.0,,550.0,,,,550.0,1273.0,0.0,0.0,,0.0,0.0,,05-123-08053
107,2012-10-01,31,PR,ENERVEST OPERATING LLC,123,8053,0,J SAND,128.0,2.0,,,130.0,,588.0,,,,588.0,1274.0,0.0,0.0,45.0,0.0,0.0,P,05-123-08053
108,2012-09-01,30,PR,ENERVEST OPERATING LLC,123,8053,0,J SAND,128.0,,,,128.0,,578.0,,,,578.0,1275.0,0.0,0.0,,0.0,0.0,,05-123-08053
109,2012-08-01,31,PR,ENERVEST OPERATING LLC,123,8053,0,J SAND,125.0,3.0,,,128.0,,612.0,,,,612.0,1275.0,0.0,0.0,18.0,0.0,0.0,P,05-123-08053
110,2012-07-01,31,PR,ENERVEST OPERATING LLC,123,8053,0,J SAND,125.0,,,,125.0,,640.0,,,,640.0,1273.0,0.0,0.0,,0.0,0.0,,05-123-08053
111,2012-06-01,30,PR,ENERVEST OPERATING LLC,123,8053,0,J SAND,122.0,3.0,,,125.0,,641.0,,,,641.0,1273.0,0.0,0.0,,0.0,0.0,,05-123-08053
112,2012-05-01,31,PR,ENERVEST OPERATING LLC,123,8053,0,J SAND,122.0,,,,122.0,,669.0,,,,669.0,1274.0,0.0,0.0,15.0,0.0,0.0,P,05-123-08053
113,2012-04-01,30,PR,ENERVEST OPERATING LLC,123,8053,0,J SAND,122.0,,,,122.0,,662.0,,,,662.0,1275.0,0.0,0.0,,0.0,0.0,,05-123-08053
114,2012-03-01,26,PR,ENERVEST OPERATING LLC,123,8053,0,J SAND,122.0,,,,122.0,,586.0,,,,586.0,1294.0,0.0,0.0,,0.0,0.0,,05-123-08053
115,2012-02-01,11,PR,ENERVEST OPERATING LLC,123,8053,0,J SAND,122.0,,,,122.0,,226.0,,,,226.0,1288.0,0.0,0.0,,0.0,0.0,,05-123-08053
116,2012-01-01,31,PR,ENERVEST OPERATING LLC,123,8053,0,J SAND,122.0,,,,122.0,,663.0,,,,663.0,1291.0,0.0,0.0,,0.0,0.0,,05-123-08053
117,2011-12-01,31,PR,ENERVEST OPERATING LLC,123,8053,0,J SAND,122.0,,,,122.0,,597.0,,,,597.0,1293.0,0.0,0.0,,0.0,0.0,,05-123-08053
118,2011-11-01,30,PR,ENERVEST OPERATING LLC,123,8053,0,J SAND,122.0,,,,122.0,,603.0,,,,603.0,1292.0,0.0,0.0,,0.0,0.0,,05-123-08053
119,2011-10-01,31,PR,ENERVEST OPERATING LLC,123,8053,0,J SAND,122.0,,,,122.0,,693.0,,,,693.0,1293.0,0.0,0.0,12.0,0.0,0.0,P,05-123-08053
120,2011-09-01,30,PR,ENERVEST OPERATING LLC,123,8053,0,J SAND,110.0,12.0,,,122.0,,670.0,,,,670.0,1293.0,0.0,0.0,15.0,0.0,0.0,P,05-123-08053
121,2011-08-01,31,PR,ENERVEST OPERATING LLC,123,8053,0,J SAND,105.0,5.0,,,110.0,,658.0,,,,658.0,1292.0,0.0,0.0,30.0,0.0,0.0,P,05-123-08053
122,2011-07-01,31,PR,ENERVEST OPERATING LLC,123,8053,0,J SAND,105.0,,,,105.0,,655.0,,,,655.0,1293.0,0.0,0.0,7.0,0.0,0.0,P,05-123-08053
123,2011-06-01,27,PR,ENERVEST OPERATING LLC,123,8053,0,J SAND,105.0,,,,105.0,,552.0,,,,552.0,1292.0,0.0,0.0,33.0,0.0,0.0,P,05-123-08053
124,2011-05-01,30,PR,ENERVEST OPERATING LLC,123,8053,0,J SAND,105.0,,,,105.0,,559.0,,,,559.0,1293.0,0.0,0.0,,0.0,0.0,,05-123-08053
125,2011-04-01,30,PR,ENERVEST OPERATING LLC,123,8053,0,J SAND,105.0,,,,105.0,,653.0,,,,653.0,1291.0,0.0,0.0,,0.0,0.0,,05-123-08053
126,2011-03-01,27,PR,ENERVEST OPERATING LLC,123,8053,0,J SAND,105.0,,,,105.0,,533.0,,,,533.0,1356.0,0.0,0.0,,0.0,0.0,,05-123-08053
127,2011-02-01,13,PR,ENERVEST OPERATING LLC,123,8053,0,J SAND,105.0,,,,105.0,,20.0,,,,20.0,1350.0,0.0,0.0,,0.0,0.0,,05-123-08053
128,2011-01-01,29,PR,ENERVEST OPERATING LLC,123,8053,0,J SAND,105.0,,,,105.0,,478.0,,,,478.0,1356.0,0.0,0.0,,0.0,0.0,,05-123-08053
129,2010-12-01,31,PR,ENERVEST OPERATING LLC,123,8053,0,J SAND,105.0,,,,105.0,,685.0,,,,685.0,1355.0,0.0,0.0,2.0,0.0,0.0,P,05-123-08053
130,2010-11-01,30,PR,ENERVEST OPERATING LLC,123,8053,0,J SAND,105.0,,,,105.0,,673.0,,,,673.0,1355.0,0.0,0.0,2.0,0.0,0.0,P,05-123-08053
131,2010-10-01,31,PR,ENERVEST OPERATING LLC,123,8053,0,J SAND,105.0,,,,105.0,,721.0,,,,721.0,1355.0,0.0,0.0,3.0,0.0,0.0,P,05-123-08053
132,2010-09-01,30,PR,ENERVEST OPERATING LLC,123,8053,0,J SAND,105.0,,,,105.0,,702.0,,,,702.0,1356.0,0.0,0.0,3.0,0.0,0.0,P,05-123-08053
133,2010-08-01,31,PR,ENERVEST OPERATING LLC,123,8053,0,J SAND,105.0,,,,105.0,,692.0,,,,692.0,1355.0,0.0,0.0,3.0,0.0,0.0,P,05-123-08053
134,2010-07-01,31,PR,ENERVEST OPERATING LLC,123,8053,0,J SAND,105.0,,,,105.0,,645.0,,,,645.0,1357.0,0.0,0.0,5.0,0.0,0.0,P,05-123-08053
135,2010-06-01,30,PR,ENERVEST OPERATING LLC,123,8053,0,J SAND,105.0,,,,105.0,,584.0,,,,584.0,1356.0,0.0,0.0,2.0,0.0,0.0,P,05-123-08053
136,2010-05-01,31,PR,ENERVEST OPERATING LLC,123,8053,0,J SAND,105.0,,,,105.0,,604.0,,,,604.0,1356.0,0.0,0.0,,0.0,0.0,,05-123-08053
137,2010-04-01,23,PR,ENERVEST OPERATING LLC,123,8053,0,J SAND,105.0,,,,105.0,,453.0,,,,453.0,1355.0,0.0,0.0,3.0,0.0,0.0,P,05-123-08053
138,2010-03-01,31,PR,ENERVEST OPERATING LLC,123,8053,0,J SAND,105.0,,,,105.0,,630.0,,,,630.0,1275.0,0.0,0.0,,0.0,0.0,,05-123-08053
139,2010-02-01,23,PR,ENERVEST OPERATING LLC,123,8053,0,J SAND,105.0,,,,105.0,,208.0,,,,208.0,1274.0,0.0,0.0,,0.0,0.0,,05-123-08053
140,2010-01-01,9,PR,ENERVEST OPERATING LLC,123,8053,0,J SAND,105.0,,,,105.0,,66.0,,,,66.0,1273.0,0.0,0.0,,0.0,0.0,,05-123-08053
141,2009-12-01,24,PR,ENERVEST OPERATING LLC,123,8053,0,J SAND,105.0,,,,105.0,,354.0,,,,354.0,1274.0,0.0,0.0,,0.0,0.0,,05-123-08053
142,2009-11-01,30,PR,ENERVEST OPERATING LLC,123,8053,0,J SAND,105.0,,,,105.0,,558.0,,,,558.0,1276.0,0.0,0.0,,0.0,0.0,,05-123-08053
143,2009-10-01,31,PR,ENERVEST OPERATING LLC,123,8053,0,J SAND,105.0,,,,105.0,,640.0,,,,640.0,1273.0,0.0,0.0,,0.0,0.0,,05-123-08053
144,2009-09-01,30,PR,ENERVEST OPERATING LLC,123,8053,0,J SAND,105.0,,,,105.0,,589.0,,,,589.0,1278.0,0.0,0.0,,0.0,0.0,,05-123-08053
145,2009-08-01,31,PR,ENERVEST OPERATING LLC,123,8053,0,J SAND,105.0,,,,105.0,,616.0,,,,616.0,1274.0,0.0,0.0,,0.0,0.0,,05-123-08053
146,2009-07-01,31,PR,ENERVEST OPERATING LLC,123,8053,0,J SAND,105.0,,,,105.0,,615.0,,,,615.0,1252.0,0.0,0.0,,0.0,0.0,,05-123-08053
147,2009-06-01,30,PR,ENERVEST OPERATING LLC,123,8053,0,J SAND,105.0,,,,105.0,,577.0,,,,577.0,1244.0,0.0,0.0,,0.0,0.0,,05-123-08053
148,2009-05-01,31,PR,ENERVEST OPERATING LLC,123,8053,0,J SAND,105.0,,,,105.0,,606.0,,,,606.0,1244.0,0.0,0.0,,0.0,0.0,,05-123-08053
149,2009-04-01,30,PR,ENERVEST OPERATING LLC,123,8053,0,J SAND,105.0,,,,105.0,,581.0,,,,581.0,1246.0,0.0,0.0,,0.0,0.0,,05-123-08053
150,2009-03-01,31,PR,ENERVEST OPERATING LLC,123,8053,0,J SAND,105.0,,,,105.0,,598.0,,,,598.0,1247.0,0.0,0.0,,0.0,0.0,,05-123-08053
151,2009-02-01,20,PR,ENERVEST OPERATING LLC,123,8053,0,J SAND,105.0,,,,105.0,,301.0,,,,301.0,1249.0,0.0,0.0,,0.0,0.0,,05-123-08053
152,2009-01-01,31,PR,ENERVEST OPERATING LLC,123,8053,0,J SAND,70.0,35.0,,,105.0,,89.0,,,,89.0,1258.0,0.0,0.0,,0.0,0.0,,05-123-08053
153,2008-12-01,30,PR,ENERVEST OPERATING LLC,123,8053,0,J SAND,70.0,,,,70.0,,227.0,,,,227.0,1295.0,0.0,0.0,,0.0,0.0,,05-123-08053
154,2008-11-01,28,PR,ENERVEST OPERATING LLC,123,8053,0,J SAND,60.0,10.0,,,70.0,,538.0,,,,538.0,1295.0,0.0,0.0,,0.0,0.0,,05-123-08053
155,2008-10-01,31,PR,ENERVEST OPERATING LLC,123,8053,0,J SAND,55.0,5.0,,,60.0,,592.0,,,,592.0,1295.0,0.0,0.0,80.0,0.0,0.0,P,05-123-08053
156,2008-09-01,30,PR,ENERVEST OPERATING LLC,123,8053,0,J SAND,55.0,,,,55.0,,539.0,,,,539.0,1295.0,0.0,0.0,,0.0,0.0,,05-123-08053
157,2008-08-01,31,PR,ENERVEST OPERATING LLC,123,8053,0,J SAND,55.0,,,,55.0,,595.0,,,,595.0,1295.0,0.0,0.0,,0.0,0.0,,05-123-08053
158,2008-07-01,31,PR,ENERVEST OPERATING LLC,123,8053,0,J SAND,55.0,,,,55.0,,440.0,,,,440.0,1295.0,0.0,0.0,,0.0,0.0,,05-123-08053
159,2008-06-01,30,PR,ENERVEST OPERATING LLC,123,8053,0,J SAND,55.0,,,,55.0,,550.0,,,,550.0,1295.0,,,,,,,05-123-08053
160,2008-05-01,30,PR,ENERVEST OPERATING LLC,123,8053,0,J SAND,55.0,,,,55.0,,647.0,,,,647.0,1295.0,0.0,0.0,,0.0,0.0,,05-123-08053
161,2008-04-01,29,PR,ENERVEST OPERATING LLC,123,8053,0,J SAND,55.0,,,,55.0,,604.0,,,,604.0,1295.0,0.0,0.0,,0.0,0.0,,05-123-08053
162,2008-03-01,24,PR,ENERVEST OPERATING LLC,123,8053,0,J SAND,55.0,,,,55.0,,428.0,,,,428.0,1295.0,0.0,0.0,,0.0,0.0,,05-123-08053
163,2008-02-01,9,PR,ENERVEST OPERATING LLC,123,8053,0,J SAND,55.0,,,,55.0,,66.0,,,,66.0,1295.0,0.0,0.0,,0.0,0.0,,05-123-08053
164,2008-01-01,28,PR,ENERVEST OPERATING LLC,123,8053,0,J SAND,55.0,,,,55.0,,265.0,,,,265.0,1295.0,0.0,0.0,,0.0,0.0,,05-123-08053
165,2007-12-01,30,PR,ENERVEST OPERATING LLC,123,8053,0,J SAND,55.0,,,,55.0,,541.0,,,,541.0,1295.0,0.0,0.0,,0.0,0.0,,05-123-08053
166,2007-11-01,29,PR,ENERVEST OPERATING LLC,123,8053,0,J SAND,55.0,,,,55.0,,475.0,,,,475.0,1295.0,0.0,0.0,,0.0,0.0,,05-123-08053
167,2007-10-01,31,PR,ENERVEST OPERATING LLC,123,8053,0,J SAND,55.0,,,,55.0,,543.0,,,,543.0,1295.0,0.0,0.0,125.0,0.0,0.0,P,05-123-08053
168,2007-09-01,30,PR,ENERVEST OPERATING LLC,123,8053,0,J SAND,55.0,,,,55.0,,476.0,,,,476.0,1295.0,0.0,0.0,,0.0,0.0,,05-123-08053
169,2007-08-01,31,PR,ENERVEST OPERATING LLC,123,8053,0,J SAND,50.0,5.0,,,55.0,,445.0,,,,445.0,1295.0,0.0,0.0,,0.0,0.0,,05-123-08053
170,2007-07-01,30,PR,ENERVEST OPERATING LLC,123,8053,0,J SAND,42.0,8.0,,,50.0,,353.0,,,,353.0,1295.0,,,,,,,05-123-08053
171,2007-06-01,30,PR,ENERVEST OPERATING LLC,123,8053,0,J SAND,42.0,,,,42.0,,598.0,,,,598.0,1295.0,,,,,,,05-123-08053
172,2007-05-01,31,PR,ENERVEST OPERATING LLC,123,8053,0,J SAND,42.0,,,,42.0,,781.0,,,,781.0,1295.0,,,,,,,05-123-08053
173,2007-04-01,30,PR,ENERVEST OPERATING LLC,123,8053,0,J SAND,42.0,,,,42.0,,741.0,,,,741.0,1295.0,,,,,,,05-123-08053
174,2007-03-01,29,PR,ENERVEST OPERATING LLC,123,8053,0,J SAND,40.0,2.0,,,42.0,,550.0,,,,550.0,1295.0,,,,,,,05-123-08053
175,2007-02-01,25,PR,ENERVEST OPERATING LLC,123,8053,0,J SAND,38.0,2.0,,,40.0,,1072.0,,,,1072.0,1295.0,,,,,,,05-123-08053
176,2007-01-01,20,PR,ENERVEST OPERATING LLC,123,8053,0,J SAND,37.0,1.0,,,38.0,,444.0,,,,444.0,1295.0,,,,,,,05-123-08053
177,2006-12-01,30,PR,ENERVEST OPERATING LLC,123,8053,0,J SAND,33.0,3.0,,1.0,37.0,,509.0,,,,509.0,1295.0,,,,,,,05-123-08053
178,2006-11-01,30,PR,ENERVEST OPERATING LLC,123,8053,0,J SAND,32.0,2.0,,-1.0,33.0,,488.0,,,,488.0,1295.0,,,1.0,,,P,05-123-08053
179,2006-10-01,30,PR,ENERVEST OPERATING LLC,123,8053,0,J SAND,20.0,12.0,,,32.0,,416.0,,,,416.0,1295.0,,,13.0,,,P,05-123-08053
180,2006-09-01,30,PR,ENERVEST OPERATING LLC,123,8053,0,J SAND,17.0,3.0,,,20.0,,338.0,,,,338.0,1295.0,,,5.0,,,P,05-123-08053
181,2006-08-01,30,PR,ENERVEST OPERATING LLC,123,8053,0,J SAND,53.0,,,-36.0,17.0,,500.0,,,,500.0,1295.0,,,46.0,,,P,05-123-08053
182,2006-07-01,31,PR,ENERVEST OPERATING LLC,123,8053,0,J SAND,47.0,6.0,,,53.0,,618.0,,,,618.0,1295.0,,,,,,,05-123-08053
183,2006-06-01,30,PR,ENERVEST OPERATING LLC,123,8053,0,J SAND,37.0,78.0,,-68.0,47.0,,577.0,,,,577.0,1295.0,,,,,,,05-123-08053
184,2006-05-01,30,PR,ENERVEST OPERATING LLC,123,8053,0,J SAND,68.0,28.0,,-59.0,37.0,,469.0,,,99.0,370.0,1295.0,,,59.0,,,P,05-123-08053
185,2006-04-01,30,PR,ENERVEST OPERATING LLC,123,8053,0,J SAND,68.0,,,,68.0,,469.0,,,94.0,375.0,1295.0,,,,,,,05-123-08053
186,2006-03-01,19,PR,ENERVEST OPERATING LLC,123,8053,0,J SAND,63.0,5.0,,,68.0,,377.0,,,76.0,301.0,1295.0,,,,,,,05-123-08053
187,2006-02-01,27,PR,ENERVEST OPERATING LLC,123,8053,0,J SAND,60.0,3.0,,,63.0,,379.0,,,,379.0,1294.0,,,,,,,05-123-08053
188,2006-01-01,31,PR,ENERVEST OPERATING LLC,123,8053,0,J SAND,60.0,,,,60.0,,651.0,,,130.0,521.0,1295.0,,,6.0,,,P,05-123-08053
189,2005-12-01,27,PR,ENERVEST OPERATING LLC,123,8053,0,J SAND,57.0,3.0,,,60.0,,567.0,,,116.0,451.0,1296.0,,,6.0,,,P,05-123-08053
190,2005-11-01,27,PR,SAWTOOTH ENERGY PARTNERS LLC,123,8053,0,J SAND,55.0,2.0,,,57.0,,567.0,,,,567.0,1296.0,,,6.0,,,P,05-123-08053
191,2005-10-01,31,PR,SAWTOOTH ENERGY PARTNERS LLC,123,8053,0,J SAND,53.0,2.0,,,55.0,,642.0,,,,642.0,1296.0,,,26.0,,,P,05-123-08053
192,2005-09-01,30,PR,SAWTOOTH ENERGY PARTNERS LLC,123,8053,0,J SAND,53.0,,,,53.0,,657.0,,,,657.0,1296.0,,,,,,,05-123-08053
193,2005-08-01,31,PR,SAWTOOTH ENERGY PARTNERS LLC,123,8053,0,J SAND,52.0,1.0,,,53.0,,729.0,,,,729.0,1297.0,,,6.0,,,P,05-123-08053
194,2005-07-01,30,PR,SAWTOOTH ENERGY PARTNERS LLC,123,8053,0,J SAND,48.0,4.0,,,52.0,,715.0,,,,715.0,1294.0,,,3.0,,,P,05-123-08053
195,2005-06-01,26,PR,SAWTOOTH ENERGY PARTNERS LLC,123,8053,0,J SAND,45.0,3.0,,,48.0,,603.0,,,,603.0,1296.0,,,5.0,,,P,05-123-08053
196,2005-05-01,31,PR,SAWTOOTH ENERGY PARTNERS LLC,123,8053,0,J SAND,42.0,3.0,,,45.0,,688.0,,,,688.0,1296.0,,,5.0,,,P,05-123-08053
197,2005-04-01,30,PR,SAWTOOTH ENERGY PARTNERS LLC,123,8053,0,J SAND,38.0,4.0,,,42.0,,661.0,,,,661.0,1296.0,,,5.0,,,P,05-123-08053
198,2005-03-01,31,PR,SAWTOOTH ENERGY PARTNERS LLC,123,8053,0,J SAND,35.0,3.0,,,38.0,,713.0,,,,713.0,1256.0,,,5.0,,,P,05-123-08053
199,2005-02-01,28,PR,SAWTOOTH ENERGY PARTNERS LLC,123,8053,0,J SAND,32.0,3.0,,,35.0,,687.0,,,,687.0,1256.0,,,5.0,,,P,05-123-08053
200,2005-01-01,26,PR,SAWTOOTH ENERGY PARTNERS LLC,123,8053,0,J SAND,27.0,5.0,,,32.0,,674.0,,,,674.0,1256.0,,,5.0,,,P,05-123-08053
201,2004-12-01,28,PR,SAWTOOTH ENERGY PARTNERS LLC,123,8053,0,J SAND,24.0,3.0,,,27.0,,686.0,,,,686.0,1256.0,,,2.0,,,P,05-123-08053
202,2004-11-01,29,PR,SAWTOOTH ENERGY PARTNERS LLC,123,8053,0,J SAND,23.0,1.0,,,24.0,,651.0,,,,651.0,1256.0,,,8.0,,,P,05-123-08053
203,2004-10-01,31,PR,SAWTOOTH ENERGY PARTNERS LLC,123,8053,0,J SAND,22.0,1.0,,,23.0,,770.0,,,,770.0,1256.0,,,7.0,,,P,05-123-08053
204,2004-09-01,30,PR,TRINITY ENERGY CORPORATION,123,8053,0,J SAND,18.0,4.0,,,22.0,,765.0,,,,765.0,1263.0,,,45.0,,,M,05-123-08053
205,2004-08-01,31,PR,TRINITY ENERGY CORPORATION,123,8053,0,J SAND,9.0,9.0,,,18.0,,1083.0,,,,1083.0,1262.0,,,45.0,,,M,05-123-08053
206,2004-07-01,31,PR,TRINITY ENERGY CORPORATION,123,8053,0,J SAND,22.0,3.0,,-16.0,9.0,,1117.0,,,,1117.0,1269.0,,,45.0,,,M,05-123-08053
207,2004-06-01,30,PR,TRINITY ENERGY CORPORATION,123,8053,0,J SAND,22.0,,,,22.0,,572.0,,,,572.0,1269.0,,,42.0,,,M,05-123-08053
208,2004-05-01,31,PR,TRINITY ENERGY CORPORATION,123,8053,0,J SAND,77.0,8.0,63.0,,22.0,51.0,416.0,,,,416.0,1269.0,,,54.0,,,M,05-123-08053
209,2004-04-01,30,PR,TRINITY ENERGY CORPORATION,123,8053,0,J SAND,76.0,1.0,,,77.0,,48.0,,,,48.0,1269.0,,,47.0,,,M,05-123-08053
210,2004-03-01,31,PR,TRINITY ENERGY CORPORATION,123,8053,0,J SAND,74.0,2.0,,,76.0,,179.0,,,,179.0,1269.0,,,40.0,,,M,05-123-08053
211,2004-02-01,29,PR,TRINITY ENERGY CORPORATION,123,8053,0,J SAND,73.0,1.0,,,74.0,,479.0,,,,479.0,1269.0,,,40.0,,,M,05-123-08053
212,2004-01-01,31,PR,TRINITY ENERGY CORPORATION,123,8053,0,J SAND,70.0,3.0,,,73.0,,460.0,,,,460.0,1269.0,,,33.0,,,M,05-123-08053
213,2003-12-01,31,PR,TRINITY ENERGY CORPORATION,123,8053,0,J SAND,68.0,2.0,,,70.0,,607.0,,,,607.0,1269.0,,,26.0,,,M,05-123-08053
214,2003-11-01,30,PR,TRINITY ENERGY CORPORATION,123,8053,0,J SAND,63.0,5.0,,,68.0,,700.0,,,,700.0,1269.0,,,22.0,,,M,05-123-08053
215,2003-10-01,31,PR,TRINITY ENERGY CORPORATION,123,8053,0,J SAND,60.0,3.0,,,63.0,,829.0,,,,829.0,1269.0,,,16.0,,,M,05-123-08053
216,2003-09-01,30,PR,TRINITY ENERGY CORPORATION,123,8053,0,J SAND,57.0,3.0,,,60.0,,606.0,,,,606.0,1269.0,,,16.0,,,M,05-123-08053
217,2003-08-01,31,PR,TRINITY ENERGY CORPORATION,123,8053,0,J SAND,53.0,4.0,,,57.0,,890.0,,,,890.0,1269.0,,,17.0,,,M,05-123-08053
218,2003-07-01,31,PR,TRINITY ENERGY CORPORATION,123,8053,0,J SAND,49.0,4.0,,,53.0,,808.0,,,,808.0,1269.0,,,20.0,,,M,05-123-08053
219,2003-06-01,30,PR,TRINITY ENERGY CORPORATION,123,8053,0,J SAND,44.0,5.0,,,49.0,,1023.0,,,,1023.0,1269.0,,,12.0,,,M,05-123-08053
220,2003-05-01,31,PR,TRINITY ENERGY CORPORATION,123,8053,0,J SAND,40.0,4.0,,,44.0,,1295.0,,,,1295.0,1269.0,,,12.0,,,M,05-123-08053
221,2003-04-01,30,PR,TRINITY ENERGY CORPORATION,123,8053,0,J SAND,138.0,4.0,29.0,-73.0,40.0,52.0,1047.0,,,,1047.0,1269.0,,,9.0,,,M,05-123-08053
222,2003-03-01,31,PR,TRINITY ENERGY CORPORATION,123,8053,0,J SAND,77.0,61.0,,,138.0,,820.0,,,,820.0,1269.0,,,5.0,,,M,05-123-08053
223,2003-02-01,28,PR,TRINITY ENERGY CORPORATION,123,8053,0,J SAND,72.0,5.0,,,77.0,,809.0,,,,809.0,1269.0,,,5.0,,,M,05-123-08053
224,2003-01-01,31,PR,TRINITY ENERGY CORPORATION,123,8053,0,J SAND,54.0,18.0,,,72.0,,1099.0,,,,1099.0,1269.0,,,3.0,,,M,05-123-08053
225,2002-12-01,31,PR,TRINITY ENERGY CORPORATION,123,8053,0,J SAND,52.0,2.0,,,54.0,,528.0,,,,528.0,1269.0,,,1.0,,,M,05-123-08053
226,2002-11-01,30,PR,TRINITY ENERGY CORPORATION,123,8053,0,J SAND,52.0,,,,52.0,,967.0,,,,967.0,1269.0,,,1.0,,,M,05-123-08053
227,2002-10-01,31,PR,TRINITY ENERGY CORPORATION,123,8053,0,J SAND,50.0,2.0,,,52.0,,,,,,,,,,9.0,,,M,05-123-08053
228,2002-09-01,30,PR,TRINITY ENERGY CORPORATION,123,8053,0,J SAND,50.0,,,,50.0,,,,,,,,,,9.0,,,M,05-123-08053
229,2002-08-01,31,PR,TRINITY ENERGY CORPORATION,123,8053,0,J SAND,50.0,,,,50.0,,37.0,,,,37.0,1269.0,,,11.0,,,M,05-123-08053
230,2002-07-01,31,PR,TRINITY ENERGY CORPORATION,123,8053,0,J SAND,,,,,,,37.0,,,,37.0,1269.0,,,11.0,,,M,05-123-08053
231,2002-06-01,30,PR,TRINITY ENERGY CORPORATION,123,8053,0,J SAND,50.0,,,,50.0,,,,,,,,,,10.0,,,M,05-123-08053
232,2002-05-01,31,PR,TRINITY ENERGY CORPORATION,123,8053,0,J SAND,50.0,,,,50.0,,,,,,,,,,12.0,,,M,05-123-08053
233,2002-04-01,30,PR,TRINITY ENERGY CORPORATION,123,8053,0,J SAND,14.0,6.0,,30.0,50.0,,136.0,,,,136.0,1269.0,,,12.0,,,M,05-123-08053
234,2002-03-01,31,PR,TRINITY ENERGY CORPORATION,123,8053,0,J SAND,47.0,77.0,,,124.0,,694.0,,,,694.0,1269.0,,,,,,,05-123-08053
235,2002-02-01,28,PR,TRINITY ENERGY CORPORATION,123,8053,0,J SAND,47.0,,,,47.0,,684.0,,,,684.0,1269.0,,,3.0,,,M,05-123-08053
236,2002-01-01,31,PR,TRINITY ENERGY CORPORATION,123,8053,0,J SAND,46.0,1.0,,,47.0,,870.0,,,,870.0,1269.0,,,3.0,,,M,05-123-08053
237,2001-12-01,31,PR,TRINITY ENERGY CORPORATION,123,8053,0,J SAND,43.0,3.0,,,46.0,,920.0,,,,920.0,1269.0,,,7.0,,,M,05-123-08053
238,2001-11-01,30,PR,TRINITY ENERGY CORPORATION,123,8053,0,J SAND,39.0,4.0,,,43.0,,562.0,,,,562.0,1269.0,,,7.0,,,M,05-123-08053
239,2001-10-01,31,PR,TRINITY ENERGY CORPORATION,123,8053,0,J SAND,35.0,4.0,,,39.0,,855.0,,,,855.0,1269.0,,,7.0,,,M,05-123-08053
240,2001-09-01,30,PR,TRINITY ENERGY CORPORATION,123,8053,0,J SAND,32.0,3.0,,,35.0,,856.0,,,,856.0,1269.0,,,9.0,,,M,05-123-08053
241,2001-08-01,31,PR,TRINITY ENERGY CORPORATION,123,8053,0,J SAND,27.0,5.0,,,32.0,,817.0,,,,817.0,1269.0,,,9.0,,,M,05-123-08053
242,2001-07-01,31,PR,TRINITY ENERGY CORPORATION,123,8053,0,J SAND,24.0,3.0,,,27.0,,1048.0,,,,1048.0,1269.0,,,12.0,,,M,05-123-08053
243,2001-06-01,30,PR,TRINITY ENERGY CORPORATION,123,8053,0,J SAND,18.0,6.0,,,24.0,,887.0,,,,887.0,1269.0,,,12.0,,,M,05-123-08053
244,2001-05-01,31,PR,TRINITY ENERGY CORPORATION,123,8053,0,J SAND,8.0,10.0,,,18.0,,942.0,,,,942.0,1269.0,,,12.0,,,M,05-123-08053
245,2001-04-01,30,PR,TRINITY ENERGY CORPORATION,123,8053,0,J SAND,38.0,3.0,,-33.0,8.0,,862.0,,,,862.0,1269.0,,,12.0,,,M,05-123-08053
246,2001-03-01,31,PR,TRINITY ENERGY CORPORATION,123,8053,0,J SAND,36.0,2.0,,,38.0,,829.0,,,,829.0,1269.0,,,12.0,,,M,05-123-08053
247,2001-02-01,28,PR,TRINITY ENERGY CORPORATION,123,8053,0,J SAND,34.0,2.0,,,36.0,,218.0,,,,218.0,1269.0,,,12.0,,,M,05-123-08053
248,2001-01-01,31,PR,TRINITY ENERGY CORPORATION,123,8053,0,J SAND,32.0,2.0,,,34.0,,,,,,,,,,10.0,,,M,05-123-08053
249,2000-12-01,31,PR,TRINITY ENERGY CORPORATION,123,8053,0,J SAND,32.0,,,,32.0,,,,,,,,,,10.0,,,M,05-123-08053
250,2000-11-01,30,PR,TRINITY ENERGY CORPORATION,123,8053,0,J SAND,53.0,4.0,,-25.0,32.0,,293.0,,,,293.0,1269.0,,,10.0,,,M,05-123-08053
251,2000-10-01,31,PR,TRINITY ENERGY CORPORATION,123,8053,0,J SAND,49.0,4.0,,,53.0,,562.0,,,,562.0,1269.0,,,10.0,,,M,05-123-08053
252,2000-09-01,30,PR,TRINITY ENERGY CORPORATION,123,8053,0,J SAND,48.0,1.0,,,49.0,,528.0,,,,528.0,1269.0,,,10.0,,,M,05-123-08053
253,2000-08-01,31,PR,TRINITY ENERGY CORPORATION,123,8053,0,J SAND,39.0,9.0,,,48.0,,578.0,,,,578.0,1269.0,,,11.0,,,M,05-123-08053
254,2000-07-01,31,PR,TRINITY ENERGY CORPORATION,123,8053,0,J SAND,37.0,2.0,,,39.0,,540.0,,,,540.0,1269.0,,,11.0,,,M,05-123-08053
255,2000-06-01,30,PR,TRINITY ENERGY CORPORATION,123,8053,0,J SAND,35.0,2.0,,,37.0,,476.0,,,,476.0,1269.0,,,11.0,,,M,05-123-08053
256,2000-05-01,31,PR,TRINITY ENERGY CORPORATION,123,8053,0,J SAND,25.0,10.0,,,35.0,,612.0,,,,612.0,1269.0,,,15.0,,,M,05-123-08053
257,2000-04-01,30,PR,TRINITY ENERGY CORPORATION,123,8053,0,J SAND,20.0,5.0,,,25.0,,631.0,,,,631.0,1269.0,,,15.0,,,M,05-123-08053
258,2000-03-01,31,PR,TRINITY ENERGY CORPORATION,123,8053,0,J SAND,20.0,,,,20.0,,716.0,,,,716.0,1269.0,,,15.0,,,M,05-123-08053
259,2000-02-01,29,PR,TRINITY ENERGY CORPORATION,123,8053,0,J SAND,20.0,,,,20.0,,665.0,,,,665.0,1269.0,,,15.0,,,M,05-123-08053
260,2000-01-01,31,PR,TRINITY ENERGY CORPORATION,123,8053,0,J SAND,18.0,2.0,,,20.0,,836.0,,,,836.0,1269.0,,,15.0,,,M,05-123-08053
261,1999-12-01,31,PR,TRINITY ENERGY CORPORATION,123,8053,0,J SAND,180.0,4.0,,-166.0,18.0,,585.0,,,,585.0,1269.0,,,15.0,,,M,05-123-08053
262,1999-11-01,30,PR,TRINITY ENERGY CORPORATION,123,8053,0,J SAND,170.0,10.0,,,180.0,,579.0,,,,579.0,1269.0,,,15.0,,,M,05-123-08053
263,1999-10-01,31,PR,TRINITY ENERGY CORPORATION,123,8053,0,J SAND,195.0,18.0,,-43.0,170.0,,742.0,,,,742.0,1269.0,,,15.0,,,M,05-123-08053
264,1999-09-01,30,PR,TRINITY ENERGY CORPORATION,123,8053,0,J SAND,195.0,,,,195.0,,879.0,,,,879.0,1269.0,,,15.0,,,M,05-123-08053
265,1999-08-01,31,PR,TRINITY ENERGY CORPORATION,123,8053,0,J SAND,195.0,,,,195.0,,936.0,,,,936.0,1269.0,,,15.0,,,M,05-123-08053
266,1999-07-01,31,PR,TRINITY ENERGY CORPORATION,123,8053,0,J SAND,185.0,10.0,,,195.0,,572.0,,,,572.0,1269.0,,,15.0,,,M,05-123-08053
267,1999-06-01,30,PR,TRINITY ENERGY CORPORATION,123,8053,0,J SAND,85.0,5.0,,,90.0,,923.0,,,,923.0,1269.0,,,14.0,,0.0,M,05-123-08053
268,1999-05-01,31,PR,TRINITY ENERGY CORPORATION,123,8053,0,J SAND,80.0,5.0,,,85.0,,984.0,,,,984.0,1269.0,,,11.0,,,M,05-123-08053
269,1999-04-01,30,PR,TRINITY ENERGY CORPORATION,123,8053,0,J SAND,79.0,1.0,,,80.0,,1106.0,,,,1106.0,1269.0,,,,,,,05-123-08053
270,1999-03-01,31,PR,TRINITY ENERGY CORPORATION,123,8053,0,J SAND,75.0,4.0,,,79.0,,1106.0,,,,1106.0,1269.0,,,,,,,05-123-08053
271,1999-02-01,28,PR,TRINITY ENERGY CORPORATION,123,8053,0,J SAND,131.0,35.0,,,166.0,,882.0,,,,882.0,1269.0,,,,,,,05-123-08053
272,1999-01-01,31,PR,TRINITY ENERGY CORPORATION,123,8053,0,J SAND,129.0,2.0,,,131.0,,113.0,,,,113.0,1269.0,,,,,,,05-123-08053
